﻿"closest_mrt_station","cnt_mrt"
"Yishun","7814"
"Admiralty","5462"
"Ang Mo Kio","5130"
"Bukit Batok","4817"
"Lakeside","4726"
"Pasir Ris","4662"
"Tampines","4540"
"Tampines East","4404"
"Hougang","4188"
"Khatib","4150"
"Sembawang","4026"
"Pioneer","3971"
"Clementi","3927"
"Boon Lay","3302"
"Fernvale","2945"
"Tiong Bahru","2872"
"Kovan","2862"
"Woodlands","2844"
"South View","2790"
"Marsiling","2687"
"Bedok","2684"
"Yew Tee","2668"
"Toa Payoh","2504"
"Boon Keng","2474"
"Bishan","2280"
"Bukit Gombak","2234"
"Tampines West","2178"
"Bedok Reservoir","2105"
"Queenstown","2050"
"Tongkang","2041"
"Soo Teck","2032"
"Jurong East","2024"
"Braddell","1945"
"Damai","1811"
"Oasis","1806"
"Tanah Merah","1784"
"Punggol","1755"
"Buangkok","1728"
"Chinese Garden","1708"
"Bedok North","1684"
"Kangkar","1644"
"Serangoon","1623"
"Segar","1572"
"Mayflower","1505"
"Simei","1488"
"Canberra","1473"
"Woodlands South","1438"
"Farmway","1400"
"Keat Hong","1353"
"Telok Blangah","1319"
"Compassvale","1317"
"Senja","1279"
"Buona Vista","1202"
"Rumbia","1185"
"Meridian","1175"
"Kaki Bukit","1154"
"Redhill","1131"
"Ranggung","1104"
"Sumang","1068"
"Kembangan","1025"
"Bakau","1023"
"Kadaloor","1003"
"Eunos","984"
"Commonwealth","970"
"Layar","953"
"Cove","927"
"Sengkang","916"
"Coral Edge","906"
"Outram Park","899"
"Geylang Bahru","885"
"Renjong","884"
"MacPherson","878"
"Cheng Lim","872"
"Potong Pasir","863"
"Jelapang","843"
"Pending","784"
"Choa Chu Kang","767"
"Petir","737"
"Yio Chu Kang","735"
"Mountbatten","663"
"Dover","646"
"Ubi","639"
"Fajar","625"
"Aljunied","614"
"Mattar","587"
"Bangkit","552"
"Kallang","531"
"HarbourFront","517"
"Farrer Park","503"
"Woodlands North","459"
"Kupang","439"
"Caldecott","435"
"Paya Lebar","424"
"Teck Whye","401"
"Lorong Chuan","399"
"Nibong","386"
"Havelock","374"
"Phoenix","356"
"Holland Village","337"
"Riviera","337"
"Bright Hill","325"
"Lavender","304"
"Thanggam","304"
"Upper Changi","300"
"Bukit Panjang","291"
"Beauty World","290"
"Bartley","288"
"Upper Thomson","249"
"Bendemeer","248"
"Lentor","232"
"Labrador Park","229"
"Jalan Besar","223"
"Marymount","194"
"Dakota","194"
"Chinatown","175"
"Farrer Road","168"
"Tanjong Pagar","162"
"Tai Seng","117"
"one-north","103"
"Little India","96"
"Woodleigh","83"
"Rochor","75"
"Maxwell","73"
"Novena","56"
"Bugis","52"
"Bencoolen","47"
"Changi Airport","36"
"Bras Basah","35"
"Nicoll Highway","29"
"Great World","17"
