﻿"planning_area_ura","cnt_area"
"SENGKANG","15060"
"PUNGGOL","13509"
"WOODLANDS","12890"
"YISHUN","12485"
"TAMPINES","12203"
"JURONG WEST","12042"
"BEDOK","9672"
"HOUGANG","9198"
"CHOA CHU KANG","8335"
"ANG MO KIO","7506"
"BUKIT MERAH","7000"
"BUKIT BATOK","6997"
"BUKIT PANJANG","6683"
"TOA PAYOH","5698"
"PASIR RIS","5369"
"QUEENSTOWN","5017"
"SEMBAWANG","4978"
"GEYLANG","4457"
"CLEMENTI","4091"
"KALLANG","4061"
"JURONG EAST","3743"
"SERANGOON","3329"
"BISHAN","3293"
"NOVENA","1414"
"MARINE PARADE","1122"
"OUTRAM","895"
"ROCHOR","541"
"BUKIT TIMAH","427"
"CHANGI","36"
"DOWNTOWN CORE","35"
"TANGLIN","31"
