﻿"closest_pri_school","cnt_school"
"PUNGGOL GREEN PRIMARY SCHOOL","3610"
"KHENG CHENG SCHOOL","2381"
"POI CHING SCHOOL","2344"
"MARSILING PRIMARY SCHOOL","2313"
"CHUA CHU KANG PRIMARY SCHOOL","2280"
"PEI TONG PRIMARY SCHOOL","2279"
"NORTHLAND PRIMARY SCHOOL","2267"
"JING SHAN PRIMARY SCHOOL","2184"
"ZHANGDE PRIMARY SCHOOL","2125"
"HONG WEN SCHOOL","2118"
"TECK GHEE PRIMARY SCHOOL","2101"
"SENGKANG GREEN PRIMARY SCHOOL","2089"
"YUHUA PRIMARY SCHOOL","2000"
"WEST VIEW PRIMARY SCHOOL","1994"
"QUEENSTOWN PRIMARY SCHOOL","1927"
"BEDOK GREEN PRIMARY SCHOOL","1905"
"PRINCESS ELIZABETH PRIMARY SCHOOL","1890"
"BENDEMEER PRIMARY SCHOOL","1851"
"OASIS PRIMARY SCHOOL","1763"
"HUAMIN PRIMARY SCHOOL","1751"
"MEE TOH SCHOOL","1749"
"ANG MO KIO PRIMARY SCHOOL","1720"
"NORTH VISTA PRIMARY SCHOOL","1675"
"HOUGANG PRIMARY SCHOOL","1663"
"LAKESIDE PRIMARY SCHOOL","1642"
"ST. HILDA'S PRIMARY SCHOOL","1619"
"WOODLANDS RING PRIMARY SCHOOL","1618"
"DAMAI PRIMARY SCHOOL","1609"
"NEW TOWN PRIMARY SCHOOL","1599"
"VALOUR PRIMARY SCHOOL","1578"
"JIEMIN PRIMARY SCHOOL","1561"
"FENGSHAN PRIMARY SCHOOL","1545"
"GREENWOOD PRIMARY SCHOOL","1531"
"TELOK KURAU PRIMARY SCHOOL","1515"
"WHITE SANDS PRIMARY SCHOOL","1512"
"BLANGAH RISE PRIMARY SCHOOL","1502"
"NORTH SPRING PRIMARY SCHOOL","1490"
"SPRINGDALE PRIMARY SCHOOL","1486"
"WEST GROVE PRIMARY SCHOOL","1447"
"CHONGZHENG PRIMARY SCHOOL","1430"
"SHUQUN PRIMARY SCHOOL","1424"
"ROSYTH SCHOOL","1391"
"NAVAL BASE PRIMARY SCHOOL","1380"
"UNITY PRIMARY SCHOOL","1369"
"FERNVALE PRIMARY SCHOOL","1368"
"FARRER PARK PRIMARY SCHOOL","1353"
"WELLINGTON PRIMARY SCHOOL","1349"
"CHIJ OUR LADY OF THE NATIVITY","1347"
"GREENRIDGE PRIMARY SCHOOL","1345"
"EDGEFIELD PRIMARY SCHOOL","1327"
"XISHAN PRIMARY SCHOOL","1324"
"PEI CHUN PUBLIC SCHOOL","1317"
"NORTH VIEW PRIMARY SCHOOL","1312"
"RIVERVALE PRIMARY SCHOOL","1287"
"HORIZON PRIMARY SCHOOL","1284"
"KUO CHUAN PRESBYTERIAN PRIMARY SCHOOL","1270"
"CORPORATION PRIMARY SCHOOL","1265"
"JURONG WEST PRIMARY SCHOOL","1259"
"ELIAS PARK PRIMARY SCHOOL","1252"
"HOLY INNOCENTS' PRIMARY SCHOOL","1248"
"ZHENGHUA PRIMARY SCHOOL","1245"
"CASUARINA PRIMARY SCHOOL","1233"
"CANBERRA PRIMARY SCHOOL","1227"
"SOUTH VIEW PRIMARY SCHOOL","1225"
"RIVERSIDE PRIMARY SCHOOL","1213"
"GONGSHANG PRIMARY SCHOOL","1205"
"MAHA BODHI SCHOOL","1192"
"AHMAD IBRAHIM PRIMARY SCHOOL","1185"
"CANOSSA CATHOLIC PRIMARY SCHOOL","1166"
"EAST SPRING PRIMARY SCHOOL","1163"
"TOWNSVILLE PRIMARY SCHOOL","1158"
"FRONTIER PRIMARY SCHOOL","1147"
"ST. ANTHONY'S PRIMARY SCHOOL","1136"
"CANTONMENT PRIMARY SCHOOL","1136"
"NAN CHIAU PRIMARY SCHOOL","1114"
"CHONGFU SCHOOL","1108"
"PUNGGOL VIEW PRIMARY SCHOOL","1105"
"EVERGREEN PRIMARY SCHOOL","1070"
"YANGZHENG PRIMARY SCHOOL","1059"
"GREENDALE PRIMARY SCHOOL","1055"
"XINMIN PRIMARY SCHOOL","1034"
"FUHUA PRIMARY SCHOOL","1030"
"ANCHOR GREEN PRIMARY SCHOOL","1030"
"RULANG PRIMARY SCHOOL","1027"
"WOODLANDS PRIMARY SCHOOL","1004"
"KEMING PRIMARY SCHOOL","995"
"BUKIT VIEW PRIMARY SCHOOL","985"
"PALM VIEW PRIMARY SCHOOL","973"
"SENG KANG PRIMARY SCHOOL","962"
"BOON LAY GARDEN PRIMARY SCHOOL","954"
"GAN ENG SENG PRIMARY SCHOOL","953"
"MAYFLOWER PRIMARY SCHOOL","940"
"TAMPINES NORTH PRIMARY SCHOOL","929"
"ST. ANDREW'S JUNIOR SCHOOL","928"
"FUCHUN PRIMARY SCHOOL","922"
"WESTWOOD PRIMARY SCHOOL","907"
"ADMIRALTY PRIMARY SCHOOL","898"
"JURONG PRIMARY SCHOOL","891"
"KONG HWA SCHOOL","884"
"RADIN MAS PRIMARY SCHOOL","884"
"HENRY PARK PRIMARY SCHOOL","874"
"BUKIT PANJANG PRIMARY SCHOOL","866"
"CHANGKAT PRIMARY SCHOOL","859"
"CONCORD PRIMARY SCHOOL","854"
"CLEMENTI PRIMARY SCHOOL","846"
"TECK WHYE PRIMARY SCHOOL","834"
"GEYLANG METHODIST SCHOOL (PRIMARY)","833"
"SEMBAWANG PRIMARY SCHOOL","831"
"QIFA PRIMARY SCHOOL","820"
"BEACON PRIMARY SCHOOL","815"
"TAO NAN SCHOOL","791"
"DAZHONG PRIMARY SCHOOL","784"
"MONTFORT JUNIOR SCHOOL","779"
"WATERWAY PRIMARY SCHOOL","777"
"ST. ANTHONY'S CANOSSIAN PRIMARY SCHOOL","768"
"FERN GREEN PRIMARY SCHOOL","767"
"METHODIST GIRLS' SCHOOL (PRIMARY)","767"
"LIANHUA PRIMARY SCHOOL","764"
"WOODGROVE PRIMARY SCHOOL","748"
"PEIYING PRIMARY SCHOOL","726"
"PARK VIEW PRIMARY SCHOOL","716"
"XINGHUA PRIMARY SCHOOL","714"
"AI TONG SCHOOL","713"
"YUMIN PRIMARY SCHOOL","702"
"FAIRFIELD METHODIST SCHOOL (PRIMARY)","699"
"DE LA SALLE SCHOOL","695"
"RED SWASTIKA SCHOOL","677"
"TAMPINES PRIMARY SCHOOL","673"
"ALEXANDRA PRIMARY SCHOOL","670"
"XINGNAN PRIMARY SCHOOL","653"
"ENDEAVOUR PRIMARY SCHOOL","634"
"ZHONGHUA PRIMARY SCHOOL","625"
"JUNYUAN PRIMARY SCHOOL","621"
"FIRST TOA PAYOH PRIMARY SCHOOL","619"
"MERIDIAN PRIMARY SCHOOL","611"
"YIO CHU KANG PRIMARY SCHOOL","609"
"PUNGGOL PRIMARY SCHOOL","575"
"OPERA ESTATE PRIMARY SCHOOL","570"
"WEST SPRING PRIMARY SCHOOL","566"
"PUNGGOL COVE PRIMARY SCHOOL","565"
"YU NENG PRIMARY SCHOOL","551"
"INNOVA PRIMARY SCHOOL","546"
"QIHUA PRIMARY SCHOOL","523"
"PASIR RIS PRIMARY SCHOOL","511"
"HAIG GIRLS' SCHOOL","508"
"SI LING PRIMARY SCHOOL","504"
"NAN HUA PRIMARY SCHOOL","486"
"NORTHOAKS PRIMARY SCHOOL","481"
"YEW TEE PRIMARY SCHOOL","479"
"KRANJI PRIMARY SCHOOL","451"
"CHIJ PRIMARY (TOA PAYOH)","441"
"ANDERSON PRIMARY SCHOOL","426"
"CHIJ (KELLOCK)","360"
"NGEE ANN PRIMARY SCHOOL","331"
"YISHUN PRIMARY SCHOOL","327"
"MARYMOUNT CONVENT SCHOOL","323"
"TEMASEK PRIMARY SCHOOL","318"
"CEDAR PRIMARY SCHOOL","311"
"PEI HWA PRESBYTERIAN PRIMARY SCHOOL","290"
"ST. MARGARET'S PRIMARY SCHOOL","287"
"PIONEER PRIMARY SCHOOL","242"
"ANGSANA PRIMARY SCHOOL","228"
"CHIJ OUR LADY OF GOOD COUNSEL","216"
"RIVER VALLEY PRIMARY SCHOOL","183"
"NANYANG PRIMARY SCHOOL","168"
"ST. STEPHEN'S SCHOOL","128"
"ST. JOSEPH'S INSTITUTION JUNIOR","67"
"ST. GABRIEL'S PRIMARY SCHOOL","15"
